0.09217529892630551, 0.17929859077598828, 0.027547736700829675, 23.95032637872133, 0.453632107125427, 10
0.102279313079551, 0.06396031600780869, 0.00019064177647632992, 2.789184510736945, 0.4336147205954124, 10
0.08674200829673011, 0.02306765495363592, 0.0004766044411908248, 21.202701775256223, 0.505581991215227, 10
0.026594527818448024, 0.004956686188384578, 0.0013344924353343095, 0.26947215104929234, 0.6450364507076622, 10
0.09370043313811616, 0.04975750366032211, 0.00038128355295265984, 40.44865635675939, 0.4120721998535871, 10
0.054809510736944844, 0.004480081747193753, 0.020303349194729137, 0.0688216813079551, 0.550668771351879, 10
0.04785108589555881, 0.005147327964860908, 0.0016204551000488043, 0.0016204551000488043, 0.5788837542703757, 10
0.08941099316739873, 0.09188933626159103, 0.0010485297706198146, 1.5279938384577842, 0.41693356515373353, 10
0.10714067837969742, 0.041273944607125426, 0.0017157759882869693, 9.216195400195216, 0.5162579306979014, 10
0.1276346693509029, 0.2456419289897511, 0.007530350170815032, 0.6086238714006833, 0.517783064909712, 10
0.09579749267935578, 0.06605737554904831, 0.0002859626647144949, 5.6739758723767695, 0.4121675207418253, 10
0.02287701317715959, 0.004575402635431918, 0.0007625671059053197, 0.005337969741337238, 0.49557329795021965, 10
0.13287731820400195, 0.17510447169350904, 0.005528611517813567, 0.1009448206442167, 0.5207380124450951, 10
0.033934236212786725, 0.006195857735480722, 0.002573663982430454, 0.002668984870668619, 0.5541956442166911, 10
0.09703666422645194, 0.006958424841386042, 0.0019064177647632992, 19.923686096876526, 0.4120721998535871, 10
0.09513024646168863, 0.029644796242069303, 0.00038128355295265984, 6.002642295021962, 0.4120721998535871, 10
0.0337435944363104, 0.005052007076622743, 0.0011438506588579795, 0.0006672462176671547, 0.5684937774524158, 10
0.12096220717423133, 0.12477504270375793, 0.002097059541239629, 7.944328788433381, 0.48861487310883356, 10
0.04346632503660322, 0.004670723523670083, 0.01267767813567594, 0.007720991947291362, 0.5750709187408493, 10
0.12344055026842363, 0.045277421913128356, 0.0002859626647144949, 5.1531425390434356, 0.5011019094680331, 10
0.03650790019521718, 0.005433290629575403, 0.0014298133235724744, 0.28033873230844314, 0.7084248413860419, 10
0.060624084919472916, 0.005719253294289898, 0.010104014153245485, 0.002478343094192289, 0.5034849316739873, 10
0.04975750366032211, 0.005719253294289898, 0.0009532088823816496, 0.2635622559785261, 0.6039531478770132, 10
0.15947184602245, 0.06329306979014153, 0.0002859626647144949, 2.2578658796974134, 0.6146290873596877, 10
0.050424749877989256, 0.0040987981942410935, 0.01000869326500732, 0.04928089921913128, 0.7068997071742313, 10
0.11486167032698877, 0.046039989019033674, 0.0009532088823816496, 13.50105996827721, 0.492904313079551, 10
0.09751326866764275, 0.10961902147388969, 0.0015251342118106394, 17.81442548194241, 0.4625922706198145, 10
0.07854441190824793, 0.005909895070766228, 0.022305087847730602, 0.00943676793557833, 0.5591523304050756, 10
0.11762597608589555, 0.17901262811127377, 0.007244387506100537, 10.608833577354808, 0.43647434724255735, 10
0.13840592972181553, 0.047374481454367984, 0.0002859626647144949, 5.151998688384578, 0.5267432284040996, 10
0.10523426061493411, 0.17014778550512444, 0.003336231088335774, 21.27876784407028, 0.4723150012201074, 10
0.07253919594924353, 0.005242648853099073, 0.016299871888726208, 0.006195857735480722, 0.5642996583699366, 10
0.09865711932650074, 0.043656966813079554, 0.0012391715470961445, 14.799807070522206, 0.41331137140068325, 10
0.09970564909712054, 0.031265251342118106, 0.0002859626647144949, 4.86517813567594, 0.4121675207418253, 10
0.09837115666178624, 0.01019933504148365, 0.00019064177647632992, 1.2975079306979014, 0.4120721998535871, 10
0.0990384028794534, 0.09227061981454368, 0.0008578879941434847, 15.962340623474866, 0.5043428196681309, 10
0.09922904465592972, 0.08426366520253782, 0.11629148365056126, 7.683244875549049, 0.44286084675451437, 10
0.10409040995607614, 0.019540782088823816, 0.0005719253294289898, 5.476185029282577, 0.4857552464616886, 10
0.07902101634943874, 0.11228800634455831, 0.0034315519765739386, 30.331392600048808, 0.45763558443143, 10
0.09636941800878478, 0.05318905563689605, 0.0004766044411908248, 10.551450402635432, 0.4123581625183016, 10
0.03479212420693021, 0.008578879941434846, 0.005814574182528062, 0.005052007076622743, 0.5471418984870668, 10
0.0598615178135676, 0.004670723523670083, 0.017825006100536847, 0.19435929111761835, 0.5675405685700342, 10
0.019350140312347486, 0.005528611517813567, 0.0015251342118106394, 0.23105783308931185, 0.5515266593460224, 10
0.02630856515373353, 0.004384760858955589, 0.0017157759882869693, 0.3442990483162518, 0.6600018301610542, 10
0.09636941800878478, 0.03279038555392875, 0.00019064177647632992, 7.2632610419716945, 0.41226284163006344, 10
0.07597074792581747, 0.040225414836505616, 0.0008578879941434847, 5.741081777696437, 0.3972974621766715, 10
0.01591858833577355, 0.004766044411908248, 0.005719253294289898, 0.12334522938018545, 0.6031905807711079, 10
0.04003477306002928, 0.007149066617862372, 0.007530350170815032, 0.08340577720839433, 0.6709637323084432, 10
0.12915980356271353, 0.25736639824304536, 0.004766044411908248, 4.1651415324548555, 0.5435197047340166, 10
0.07825844924353342, 0.00867420082967301, 0.02440214738897023, 0.18835407515861396, 0.6261629148365055, 10
0.27395223279648606, 0.3642211139580283, 0.016776476329917033, 1.298937744021474, 0.5688750610053684, 10
0.022591050512445095, 0.005242648853099073, 0.0030502684236212788, 0.004194119082479258, 0.5337016532454856, 10
0.10132610419716936, 0.061958577354807226, 0.0007625671059053197, 0.631596205466081, 0.4831815824792582, 10
0.11552891654465593, 0.10409040995607614, 0.0014298133235724744, 4.333668862859931, 0.5036755734504637, 10
0.12868319912152268, 0.04346632503660322, 0.0008578879941434847, 17.498246095656416, 0.5196894826744753, 10
0.02344893850658858, 0.004575402635431918, 0.00038128355295265984, 0.38071162762323085, 0.5297934968277208, 10
0.1077126037091264, 0.19979258174719375, 0.0016204551000488043, 0.4605905319668131, 0.4430514885309907, 10
0.13392584797462176, 0.17777345656417765, 0.002478343094192289, 0.22057253538311372, 0.5208333333333333, 10
0.05824106271351879, 0.004956686188384578, 0.01153382747681796, 0.008006954612005856, 0.5231210346510493, 10
0.04909025744265495, 0.005433290629575403, 0.012201073694485115, 0.02840562469497316, 0.500434663250366, 10
0.09503492557345046, 0.031169930453879943, 0.00038128355295265984, 7.961391227428013, 0.4134066922889214, 10
0.025831960712542703, 0.005528611517813567, 0.0017157759882869693, 0.11762597608589555, 0.6335026232308443, 10
0.03822367618350415, 0.005337969741337238, 0.005337969741337238, 0.0017157759882869693, 0.5779305453879942, 10
0.07949762079062958, 0.20265220839433873, 0.08416834431429966, 6.889126555636896, 0.4571589799902392, 10
0.093033186920449, 0.012772999023914105, 0.00038128355295265984, 4.025305789409468, 0.4120721998535871, 10
0.8437805026842361, 0.23162975841874087, 0.010389976817959981, 3.836379788921425, 0.6914577232796486, 10
0.09551153001464129, 0.03212313933626159, 0.00019064177647632992, 8.005429477794046, 0.41245348340653976, 10
0.08273853099072719, 0.177964098340654, 0.02154252074182528, 29.81570659468033, 0.46831152391410447, 10
0.06214921913128355, 0.005052007076622743, 0.016204551000488045, 0.09732262689116641, 0.5175924231332357, 10
0.00867420082967301, 0.004575402635431918, 0.00943676793557833, 0.004194119082479258, 0.4731728892142508, 10
0.09741794777940459, 0.14650820522205954, 0.016109230112249878, 2.925112097364568, 0.4786061798438263, 10
0.03279038555392875, 0.00943676793557833, 0.0012391715470961445, 0.18644765739385066, 0.6831648060029283, 10
0.11190672279160566, 0.10628279038555394, 0.0013344924353343095, 4.286866306734993, 0.49481073084431426, 10
0.011152543923865301, 0.008102275500244022, 0.0019064177647632992, 0.0009532088823816496, 0.6593345839433871, 10
0.15089296608101513, 0.027166453147877013, 0.00038128355295265984, 11.642207326744753, 0.6282599743777453, 10
0.038890922401171306, 0.004575402635431918, 0.005528611517813567, 0.003908156417764763, 0.6498024951195706, 10
0.1338305270863836, 0.11610084187408491, 0.0014298133235724744, 12.52659452781845, 0.5422805331869204, 10
0.040225414836505616, 0.005528611517813567, 0.01906417764763299, 0.01382152879453392, 0.5861281417764763, 10
0.01000869326500732, 0.005909895070766228, 0.0005719253294289898, 0.3182764458272328, 0.7228182955100049, 10
0.13688079551000487, 0.028500945583211323, 0.0012391715470961445, 6.102443265007321, 2.670700646656906, 10
0.09455832113225965, 0.09160337359687652, 0.0012391715470961445, 5.932295479502196, 0.4126441251830161, 10
0.06786847242557345, 0.014488775012201074, 0.04670723523670083, 7.900481179843827, 0.39720214128843334, 10
0.045944668130795514, 0.007149066617862372, 0.007625671059053197, 0.34344116032210836, 0.6700105234260615, 10
0.05233116764275256, 0.004384760858955589, 0.0037175146412884337, 0.007053745729624207, 0.6263535566129819, 10
0.05242648853099073, 0.06396031600780869, 0.02192380429477794, 14.93363759760859, 0.4995767752562225, 10
0.09608345534407028, 0.05395162274280137, 0.006005215959004393, 2.3210636285993167, 0.4148365056124939, 10
0.12153413250366032, 0.04584934724255735, 0.0009532088823816496, 2.950753416300634, 0.49509669350902874, 10
0.09227061981454368, 0.14593627989263055, 0.002859626647144949, 11.382839189848706, 0.4141692593948267, 10
0.1455549963396779, 0.3033110663738409, 0.009722730600292826, 1.3261995180575892, 0.5895596937530503, 10
0.028119662030258664, 0.016204551000488045, 0.005623932406051733, 0.009150805270863836, 0.5546722486578819, 10
0.13859657149829185, 0.1841599560761347, 0.040320735724743775, 10.115071376281112, 0.5614400317227917, 10
0.039653489507076624, 0.011247864812103466, 0.0040987981942410935, 0.003336231088335774, 0.5534330771107858, 10
0.09465364202049781, 0.04175054904831625, 0.00019064177647632992, 8.649798682284041, 0.4120721998535871, 10
0.02554599804782821, 0.004575402635431918, 0.0018110968765251343, 0.005337969741337238, 0.5446635553928746, 10
0.03317166910688141, 0.0037175146412884337, 0.017634364324060518, 11.351192654953635, 0.39720214128843334, 10
0.027547736700829675, 0.005528611517813567, 0.009913372376769156, 0.35945506954612005, 0.5316999145924841, 10
0.10170738775012202, 0.044324213030746705, 0.0004766044411908248, 3.600555911420205, 0.4120721998535871, 10
0.1182932223035627, 0.05814574182528063, 0.0005719253294289898, 21.320899676671548, 0.5191175573450464, 10
0.08798117984382625, 0.09770391044411908, 0.0018110968765251343, 4.887864507076623, 0.4520116520253782, 10
0.07006085285505124, 0.03908156417764763, 0.15079764519277697, 22.78255017691557, 0.5381817349926794, 10
0.06462756222547585, 0.005147327964860908, 0.011057223035627135, 0.008483559053196681, 0.5837451195705222, 10
0.06453224133723767, 0.020970595412396292, 0.0010485297706198146, 5.825250122010737, 0.4120721998535871, 10
0.05280777208394339, 0.005052007076622743, 0.018968856759394827, 0.01286831991215227, 0.6166308260126891, 10
0.057097212054660805, 0.005337969741337238, 0.017920326988775014, 0.003908156417764763, 0.7659033369936554, 10
0.06462756222547585, 0.006195857735480722, 0.0061005368472425575, 0.0017157759882869693, 0.674395284285017, 10
0.03870028062469497, 0.006005215959004393, 0.0010485297706198146, 0.17253080771107857, 0.6009028794533919, 10
0.004480081747193753, 0.005052007076622743, 0.006958424841386042, 0.2885363286969253, 0.49118853709126403, 10
0.12582357247437775, 0.02459278916544656, 0.0002859626647144949, 8.130585804050757, 0.5133029831625182, 10
0.03850963884821865, 0.005242648853099073, 0.005528611517813567, 0.005719253294289898, 0.4861365300146413, 10
0.14545967545143973, 0.22734031844802344, 0.010104014153245485, 2.1204131588579793, 0.49033064909712054, 10
0.04346632503660322, 0.006481820400195217, 0.002287701317715959, 0.13554630307467055, 0.7070903489507077, 10
0.044705496583699364, 0.013916849682772084, 0.0427037579306979, 81.32473157637872, 0.4120721998535871, 10
0.12715806490971204, 0.15184617496339678, 0.1439345412396291, 10.75105234260615, 0.7612326134699854, 10
0.18711490361151784, 0.22829352733040506, 0.006958424841386042, 0.6285459370424598, 0.5738317471937531, 10
0.15842331625183015, 0.34925573450463643, 0.007911633723767691, 0.3329558626159102, 0.5524798682284041, 10
0.08855310517325524, 0.0726345168374817, 0.0037175146412884337, 6.1138817715959, 0.4792734260614934, 10
0.07844909102000976, 0.06319774890190337, 0.0010485297706198146, 6.356664073938506, 0.41273944607125423, 10
0.09722730600292825, 0.057955100048804296, 0.0002859626647144949, 2.26272724499756, 0.4121675207418253, 10
0.015537304782820888, 0.004575402635431918, 0.012201073694485115, 0.026594527818448024, 0.6336932650073206, 10
0.056048682284040995, 0.011152543923865301, 0.008483559053196681, 0.004670723523670083, 0.507965013421181, 10
0.10409040995607614, 0.034887445095168376, 0.00019064177647632992, 7.363633937286481, 0.47946406783796974, 10
0.015632625671059053, 0.004670723523670083, 0.0006672462176671547, 0.14841462298682284, 0.5586757259638848, 10
0.04899493655441679, 0.008102275500244022, 0.0032409102000976087, 0.004766044411908248, 0.4774623291849683, 10
0.18292078452903857, 0.2788135980966325, 0.008578879941434846, 1.5589731271351879, 0.5479997864812103, 10
0.10914241703269888, 0.004384760858955589, 0.10313720107369448, 13.464552068081993, 0.41769613225963886, 10
0.04718383967789166, 0.06977489019033675, 0.041273944607125426, 85.35499405197658, 0.417791453147877, 10
0.04909025744265495, 0.004956686188384578, 0.007149066617862372, 0.013535566129819425, 0.5062492374328941, 10
0.1009448206442167, 0.2532676000488043, 0.008292917276720352, 1.2010431918008786, 0.4383807650073206, 10
0.1038997681795998, 0.08931567227916057, 0.0016204551000488043, 9.164817441434845, 0.45677769643728644, 10
0.014488775012201074, 0.004575402635431918, 0.01096190214738897, 0.004194119082479258, 0.4768904038555393, 10
0.02459278916544656, 0.005337969741337238, 0.006958424841386042, 0.21008723767691556, 0.6905998352855052, 10
0.03850963884821865, 0.004766044411908248, 0.0015251342118106394, 0.4412403916544656, 0.5013878721327477, 10
0.09417703757930698, 0.15337130917520742, 0.004003477306002928, 1.2606187469497316, 0.42007915446559296, 10
0.1025652757442655, 0.07578010614934114, 0.0013344924353343095, 15.07700021351879, 0.4462923987310883, 10
0.12124816983894583, 0.04708851878965349, 0.00038128355295265984, 11.556799810883357, 0.5115872071742313, 10
0.08998291849682773, 0.07358772571986336, 0.0002859626647144949, 11.143869723035627, 0.4121675207418253, 10
0.0968460224499756, 0.02154252074182528, 9.532088823816496e-05, 8.06081091386042, 0.4120721998535871, 10
0.19273883601756955, 0.2542208089311859, 0.005147327964860908, 1.7145368167398731, 0.5115872071742313, 10
0.11505231210346512, 0.11648212542703758, 0.032218460224499756, 8.6831609931674, 0.5985198572474377, 10
0.0984664775500244, 0.06224454001952171, 0.0004766044411908248, 3.3246972608589553, 0.4444813018545632, 10
0.09188933626159103, 0.04346632503660322, 0.04136926549536359, 8.155750518545632, 0.4123581625183016, 10
0.10399508906783798, 0.05652528672523181, 0.0006672462176671547, 7.200253934846266, 0.4963358650561249, 10
0.08588412030258663, 0.021447199853587118, 0.0008578879941434847, 15.912011194485116, 0.4120721998535871, 10
0.09722730600292825, 0.06167261469009273, 0.0007625671059053197, 23.619562896534894, 0.41302540873596877, 10
0.04861365300146413, 0.005052007076622743, 0.006386499511957053, 0.0012391715470961445, 0.6773502318204002, 10
0.1232499084919473, 0.07816312835529526, 0.0004766044411908248, 4.92332387750122, 0.4942388055148853, 10
0.03641257930697901, 0.004766044411908248, 0.0011438506588579795, 0.38747941068814057, 0.5341782576866764, 10
0.09379575402635432, 0.08445430697901415, 0.0005719253294289898, 8.467354502196194, 0.4126441251830161, 10
0.09408171669106881, 0.01019933504148365, 0.0002859626647144949, 2.5986380551488533, 0.4120721998535871, 10
0.1953125, 0.16585834553440704, 0.0031455893118594435, 0.36479303928745727, 0.7531303379697414, 10
0.11343185700341629, 0.08064147144948755, 0.0013344924353343095, 6.284982765983406, 0.4716477550024402, 10
0.05318905563689605, 0.0061005368472425575, 0.008197596388482187, 0.007435029282576867, 0.46411740483162517, 10
0.12830191556857, 0.0669152635431918, 0.00038128355295265984, 4.692266044411908, 0.5214052586627623, 10
0.15737478648121037, 0.26861426305514885, 0.006291178623718887, 0.5100620729624207, 0.6141524829184968, 10
0.09217529892630551, 0.17929859077598828, 0.027547736700829675, 23.95032637872133, 0.453632107125427, 1
0.102279313079551, 0.06396031600780869, 0.00019064177647632992, 2.789184510736945, 0.4336147205954124, 1
0.08674200829673011, 0.02306765495363592, 0.0004766044411908248, 21.202701775256223, 0.505581991215227, 1
0.026594527818448024, 0.004956686188384578, 0.0013344924353343095, 0.26947215104929234, 0.6450364507076622, 1
0.09370043313811616, 0.04975750366032211, 0.00038128355295265984, 40.44865635675939, 0.4120721998535871, 1
0.054809510736944844, 0.004480081747193753, 0.020303349194729137, 0.0688216813079551, 0.550668771351879, 1
0.04785108589555881, 0.005147327964860908, 0.0016204551000488043, 0.0016204551000488043, 0.5788837542703757, 1
0.08941099316739873, 0.09188933626159103, 0.0010485297706198146, 1.5279938384577842, 0.41693356515373353, 1
0.10714067837969742, 0.041273944607125426, 0.0017157759882869693, 9.216195400195216, 0.5162579306979014, 1
0.1276346693509029, 0.2456419289897511, 0.007530350170815032, 0.6086238714006833, 0.517783064909712, 1
0.09579749267935578, 0.06605737554904831, 0.0002859626647144949, 5.6739758723767695, 0.4121675207418253, 1
0.02287701317715959, 0.004575402635431918, 0.0007625671059053197, 0.005337969741337238, 0.49557329795021965, 1
0.13287731820400195, 0.17510447169350904, 0.005528611517813567, 0.1009448206442167, 0.5207380124450951, 1
0.033934236212786725, 0.006195857735480722, 0.002573663982430454, 0.002668984870668619, 0.5541956442166911, 1
0.09703666422645194, 0.006958424841386042, 0.0019064177647632992, 19.923686096876526, 0.4120721998535871, 1
0.09513024646168863, 0.029644796242069303, 0.00038128355295265984, 6.002642295021962, 0.4120721998535871, 1
0.0337435944363104, 0.005052007076622743, 0.0011438506588579795, 0.0006672462176671547, 0.5684937774524158, 1
0.12096220717423133, 0.12477504270375793, 0.002097059541239629, 7.944328788433381, 0.48861487310883356, 1
0.04346632503660322, 0.004670723523670083, 0.01267767813567594, 0.007720991947291362, 0.5750709187408493, 1
0.12344055026842363, 0.045277421913128356, 0.0002859626647144949, 5.1531425390434356, 0.5011019094680331, 1
0.03650790019521718, 0.005433290629575403, 0.0014298133235724744, 0.28033873230844314, 0.7084248413860419, 1
0.060624084919472916, 0.005719253294289898, 0.010104014153245485, 0.002478343094192289, 0.5034849316739873, 1
0.04975750366032211, 0.005719253294289898, 0.0009532088823816496, 0.2635622559785261, 0.6039531478770132, 1
0.15947184602245, 0.06329306979014153, 0.0002859626647144949, 2.2578658796974134, 0.6146290873596877, 1
0.050424749877989256, 0.0040987981942410935, 0.01000869326500732, 0.04928089921913128, 0.7068997071742313, 1
0.11486167032698877, 0.046039989019033674, 0.0009532088823816496, 13.50105996827721, 0.492904313079551, 1
0.09751326866764275, 0.10961902147388969, 0.0015251342118106394, 17.81442548194241, 0.4625922706198145, 1
0.07854441190824793, 0.005909895070766228, 0.022305087847730602, 0.00943676793557833, 0.5591523304050756, 1
0.11762597608589555, 0.17901262811127377, 0.007244387506100537, 10.608833577354808, 0.43647434724255735, 1
0.13840592972181553, 0.047374481454367984, 0.0002859626647144949, 5.151998688384578, 0.5267432284040996, 1
0.10523426061493411, 0.17014778550512444, 0.003336231088335774, 21.27876784407028, 0.4723150012201074, 1
0.07253919594924353, 0.005242648853099073, 0.016299871888726208, 0.006195857735480722, 0.5642996583699366, 1
0.09865711932650074, 0.043656966813079554, 0.0012391715470961445, 14.799807070522206, 0.41331137140068325, 1
0.09970564909712054, 0.031265251342118106, 0.0002859626647144949, 4.86517813567594, 0.4121675207418253, 1
0.09837115666178624, 0.01019933504148365, 0.00019064177647632992, 1.2975079306979014, 0.4120721998535871, 1
0.0990384028794534, 0.09227061981454368, 0.0008578879941434847, 15.962340623474866, 0.5043428196681309, 1
0.09922904465592972, 0.08426366520253782, 0.11629148365056126, 7.683244875549049, 0.44286084675451437, 1
0.10409040995607614, 0.019540782088823816, 0.0005719253294289898, 5.476185029282577, 0.4857552464616886, 1
0.07902101634943874, 0.11228800634455831, 0.0034315519765739386, 30.331392600048808, 0.45763558443143, 1
0.09636941800878478, 0.05318905563689605, 0.0004766044411908248, 10.551450402635432, 0.4123581625183016, 1
0.03479212420693021, 0.008578879941434846, 0.005814574182528062, 0.005052007076622743, 0.5471418984870668, 1
0.0598615178135676, 0.004670723523670083, 0.017825006100536847, 0.19435929111761835, 0.5675405685700342, 1
0.019350140312347486, 0.005528611517813567, 0.0015251342118106394, 0.23105783308931185, 0.5515266593460224, 1
0.02630856515373353, 0.004384760858955589, 0.0017157759882869693, 0.3442990483162518, 0.6600018301610542, 1
0.09636941800878478, 0.03279038555392875, 0.00019064177647632992, 7.2632610419716945, 0.41226284163006344, 1
0.07597074792581747, 0.040225414836505616, 0.0008578879941434847, 5.741081777696437, 0.3972974621766715, 1
0.01591858833577355, 0.004766044411908248, 0.005719253294289898, 0.12334522938018545, 0.6031905807711079, 1
0.04003477306002928, 0.007149066617862372, 0.007530350170815032, 0.08340577720839433, 0.6709637323084432, 1
0.12915980356271353, 0.25736639824304536, 0.004766044411908248, 4.1651415324548555, 0.5435197047340166, 1
0.07825844924353342, 0.00867420082967301, 0.02440214738897023, 0.18835407515861396, 0.6261629148365055, 1
0.27395223279648606, 0.3642211139580283, 0.016776476329917033, 1.298937744021474, 0.5688750610053684, 1
0.022591050512445095, 0.005242648853099073, 0.0030502684236212788, 0.004194119082479258, 0.5337016532454856, 1
0.10132610419716936, 0.061958577354807226, 0.0007625671059053197, 0.631596205466081, 0.4831815824792582, 1
0.11552891654465593, 0.10409040995607614, 0.0014298133235724744, 4.333668862859931, 0.5036755734504637, 1
0.12868319912152268, 0.04346632503660322, 0.0008578879941434847, 17.498246095656416, 0.5196894826744753, 1
0.02344893850658858, 0.004575402635431918, 0.00038128355295265984, 0.38071162762323085, 0.5297934968277208, 1
0.1077126037091264, 0.19979258174719375, 0.0016204551000488043, 0.4605905319668131, 0.4430514885309907, 1
0.13392584797462176, 0.17777345656417765, 0.002478343094192289, 0.22057253538311372, 0.5208333333333333, 1
0.05824106271351879, 0.004956686188384578, 0.01153382747681796, 0.008006954612005856, 0.5231210346510493, 1
0.04909025744265495, 0.005433290629575403, 0.012201073694485115, 0.02840562469497316, 0.500434663250366, 1
0.09503492557345046, 0.031169930453879943, 0.00038128355295265984, 7.961391227428013, 0.4134066922889214, 1
0.025831960712542703, 0.005528611517813567, 0.0017157759882869693, 0.11762597608589555, 0.6335026232308443, 1
0.03822367618350415, 0.005337969741337238, 0.005337969741337238, 0.0017157759882869693, 0.5779305453879942, 1
0.07949762079062958, 0.20265220839433873, 0.08416834431429966, 6.889126555636896, 0.4571589799902392, 1
0.093033186920449, 0.012772999023914105, 0.00038128355295265984, 4.025305789409468, 0.4120721998535871, 1
0.8437805026842361, 0.23162975841874087, 0.010389976817959981, 3.836379788921425, 0.6914577232796486, 1
0.09551153001464129, 0.03212313933626159, 0.00019064177647632992, 8.005429477794046, 0.41245348340653976, 1
0.08273853099072719, 0.177964098340654, 0.02154252074182528, 29.81570659468033, 0.46831152391410447, 1
0.06214921913128355, 0.005052007076622743, 0.016204551000488045, 0.09732262689116641, 0.5175924231332357, 1
0.00867420082967301, 0.004575402635431918, 0.00943676793557833, 0.004194119082479258, 0.4731728892142508, 1
0.09741794777940459, 0.14650820522205954, 0.016109230112249878, 2.925112097364568, 0.4786061798438263, 1
0.03279038555392875, 0.00943676793557833, 0.0012391715470961445, 0.18644765739385066, 0.6831648060029283, 1
0.11190672279160566, 0.10628279038555394, 0.0013344924353343095, 4.286866306734993, 0.49481073084431426, 1
0.011152543923865301, 0.008102275500244022, 0.0019064177647632992, 0.0009532088823816496, 0.6593345839433871, 1
0.15089296608101513, 0.027166453147877013, 0.00038128355295265984, 11.642207326744753, 0.6282599743777453, 1
0.038890922401171306, 0.004575402635431918, 0.005528611517813567, 0.003908156417764763, 0.6498024951195706, 1
0.1338305270863836, 0.11610084187408491, 0.0014298133235724744, 12.52659452781845, 0.5422805331869204, 1
0.040225414836505616, 0.005528611517813567, 0.01906417764763299, 0.01382152879453392, 0.5861281417764763, 1
0.01000869326500732, 0.005909895070766228, 0.0005719253294289898, 0.3182764458272328, 0.7228182955100049, 1
0.13688079551000487, 0.028500945583211323, 0.0012391715470961445, 6.102443265007321, 2.670700646656906, 1
0.09455832113225965, 0.09160337359687652, 0.0012391715470961445, 5.932295479502196, 0.4126441251830161, 1
0.06786847242557345, 0.014488775012201074, 0.04670723523670083, 7.900481179843827, 0.39720214128843334, 1
0.045944668130795514, 0.007149066617862372, 0.007625671059053197, 0.34344116032210836, 0.6700105234260615, 1
0.05233116764275256, 0.004384760858955589, 0.0037175146412884337, 0.007053745729624207, 0.6263535566129819, 1
0.05242648853099073, 0.06396031600780869, 0.02192380429477794, 14.93363759760859, 0.4995767752562225, 1
0.09608345534407028, 0.05395162274280137, 0.006005215959004393, 2.3210636285993167, 0.4148365056124939, 1
0.12153413250366032, 0.04584934724255735, 0.0009532088823816496, 2.950753416300634, 0.49509669350902874, 1
0.09227061981454368, 0.14593627989263055, 0.002859626647144949, 11.382839189848706, 0.4141692593948267, 1
0.1455549963396779, 0.3033110663738409, 0.009722730600292826, 1.3261995180575892, 0.5895596937530503, 1
0.028119662030258664, 0.016204551000488045, 0.005623932406051733, 0.009150805270863836, 0.5546722486578819, 1
0.13859657149829185, 0.1841599560761347, 0.040320735724743775, 10.115071376281112, 0.5614400317227917, 1
0.039653489507076624, 0.011247864812103466, 0.0040987981942410935, 0.003336231088335774, 0.5534330771107858, 1
0.09465364202049781, 0.04175054904831625, 0.00019064177647632992, 8.649798682284041, 0.4120721998535871, 1
0.02554599804782821, 0.004575402635431918, 0.0018110968765251343, 0.005337969741337238, 0.5446635553928746, 1
0.03317166910688141, 0.0037175146412884337, 0.017634364324060518, 11.351192654953635, 0.39720214128843334, 1
0.027547736700829675, 0.005528611517813567, 0.009913372376769156, 0.35945506954612005, 0.5316999145924841, 1
0.10170738775012202, 0.044324213030746705, 0.0004766044411908248, 3.600555911420205, 0.4120721998535871, 1
0.1182932223035627, 0.05814574182528063, 0.0005719253294289898, 21.320899676671548, 0.5191175573450464, 1
0.08798117984382625, 0.09770391044411908, 0.0018110968765251343, 4.887864507076623, 0.4520116520253782, 1
0.07006085285505124, 0.03908156417764763, 0.15079764519277697, 22.78255017691557, 0.5381817349926794, 1
0.06462756222547585, 0.005147327964860908, 0.011057223035627135, 0.008483559053196681, 0.5837451195705222, 1
0.06453224133723767, 0.020970595412396292, 0.0010485297706198146, 5.825250122010737, 0.4120721998535871, 1
0.05280777208394339, 0.005052007076622743, 0.018968856759394827, 0.01286831991215227, 0.6166308260126891, 1
0.057097212054660805, 0.005337969741337238, 0.017920326988775014, 0.003908156417764763, 0.7659033369936554, 1
0.06462756222547585, 0.006195857735480722, 0.0061005368472425575, 0.0017157759882869693, 0.674395284285017, 1
0.03870028062469497, 0.006005215959004393, 0.0010485297706198146, 0.17253080771107857, 0.6009028794533919, 1
0.004480081747193753, 0.005052007076622743, 0.006958424841386042, 0.2885363286969253, 0.49118853709126403, 1
0.12582357247437775, 0.02459278916544656, 0.0002859626647144949, 8.130585804050757, 0.5133029831625182, 1
0.03850963884821865, 0.005242648853099073, 0.005528611517813567, 0.005719253294289898, 0.4861365300146413, 1
0.14545967545143973, 0.22734031844802344, 0.010104014153245485, 2.1204131588579793, 0.49033064909712054, 1
0.04346632503660322, 0.006481820400195217, 0.002287701317715959, 0.13554630307467055, 0.7070903489507077, 1
0.044705496583699364, 0.013916849682772084, 0.0427037579306979, 81.32473157637872, 0.4120721998535871, 1
0.12715806490971204, 0.15184617496339678, 0.1439345412396291, 10.75105234260615, 0.7612326134699854, 1
0.18711490361151784, 0.22829352733040506, 0.006958424841386042, 0.6285459370424598, 0.5738317471937531, 1
0.15842331625183015, 0.34925573450463643, 0.007911633723767691, 0.3329558626159102, 0.5524798682284041, 1
0.08855310517325524, 0.0726345168374817, 0.0037175146412884337, 6.1138817715959, 0.4792734260614934, 1
0.07844909102000976, 0.06319774890190337, 0.0010485297706198146, 6.356664073938506, 0.41273944607125423, 1
0.09722730600292825, 0.057955100048804296, 0.0002859626647144949, 2.26272724499756, 0.4121675207418253, 1
0.015537304782820888, 0.004575402635431918, 0.012201073694485115, 0.026594527818448024, 0.6336932650073206, 1
0.056048682284040995, 0.011152543923865301, 0.008483559053196681, 0.004670723523670083, 0.507965013421181, 1
0.10409040995607614, 0.034887445095168376, 0.00019064177647632992, 7.363633937286481, 0.47946406783796974, 1
0.015632625671059053, 0.004670723523670083, 0.0006672462176671547, 0.14841462298682284, 0.5586757259638848, 1
0.04899493655441679, 0.008102275500244022, 0.0032409102000976087, 0.004766044411908248, 0.4774623291849683, 1
0.18292078452903857, 0.2788135980966325, 0.008578879941434846, 1.5589731271351879, 0.5479997864812103, 1
0.10914241703269888, 0.004384760858955589, 0.10313720107369448, 13.464552068081993, 0.41769613225963886, 1
0.04718383967789166, 0.06977489019033675, 0.041273944607125426, 85.35499405197658, 0.417791453147877, 1
0.04909025744265495, 0.004956686188384578, 0.007149066617862372, 0.013535566129819425, 0.5062492374328941, 1
0.1009448206442167, 0.2532676000488043, 0.008292917276720352, 1.2010431918008786, 0.4383807650073206, 1
0.1038997681795998, 0.08931567227916057, 0.0016204551000488043, 9.164817441434845, 0.45677769643728644, 1
0.014488775012201074, 0.004575402635431918, 0.01096190214738897, 0.004194119082479258, 0.4768904038555393, 1
0.02459278916544656, 0.005337969741337238, 0.006958424841386042, 0.21008723767691556, 0.6905998352855052, 1
0.03850963884821865, 0.004766044411908248, 0.0015251342118106394, 0.4412403916544656, 0.5013878721327477, 1
0.09417703757930698, 0.15337130917520742, 0.004003477306002928, 1.2606187469497316, 0.42007915446559296, 1
0.1025652757442655, 0.07578010614934114, 0.0013344924353343095, 15.07700021351879, 0.4462923987310883, 1
0.12124816983894583, 0.04708851878965349, 0.00038128355295265984, 11.556799810883357, 0.5115872071742313, 1
0.08998291849682773, 0.07358772571986336, 0.0002859626647144949, 11.143869723035627, 0.4121675207418253, 1
0.0968460224499756, 0.02154252074182528, 9.532088823816496e-05, 8.06081091386042, 0.4120721998535871, 1
0.19273883601756955, 0.2542208089311859, 0.005147327964860908, 1.7145368167398731, 0.5115872071742313, 1
0.11505231210346512, 0.11648212542703758, 0.032218460224499756, 8.6831609931674, 0.5985198572474377, 1
0.0984664775500244, 0.06224454001952171, 0.0004766044411908248, 3.3246972608589553, 0.4444813018545632, 1
0.09188933626159103, 0.04346632503660322, 0.04136926549536359, 8.155750518545632, 0.4123581625183016, 1
0.10399508906783798, 0.05652528672523181, 0.0006672462176671547, 7.200253934846266, 0.4963358650561249, 1
0.08588412030258663, 0.021447199853587118, 0.0008578879941434847, 15.912011194485116, 0.4120721998535871, 1
0.09722730600292825, 0.06167261469009273, 0.0007625671059053197, 23.619562896534894, 0.41302540873596877, 1
0.04861365300146413, 0.005052007076622743, 0.006386499511957053, 0.0012391715470961445, 0.6773502318204002, 1
0.1232499084919473, 0.07816312835529526, 0.0004766044411908248, 4.92332387750122, 0.4942388055148853, 1
0.03641257930697901, 0.004766044411908248, 0.0011438506588579795, 0.38747941068814057, 0.5341782576866764, 1
0.09379575402635432, 0.08445430697901415, 0.0005719253294289898, 8.467354502196194, 0.4126441251830161, 1
0.09408171669106881, 0.01019933504148365, 0.0002859626647144949, 2.5986380551488533, 0.4120721998535871, 1
0.1953125, 0.16585834553440704, 0.0031455893118594435, 0.36479303928745727, 0.7531303379697414, 1
0.11343185700341629, 0.08064147144948755, 0.0013344924353343095, 6.284982765983406, 0.4716477550024402, 1
0.05318905563689605, 0.0061005368472425575, 0.008197596388482187, 0.007435029282576867, 0.46411740483162517, 1
0.12830191556857, 0.0669152635431918, 0.00038128355295265984, 4.692266044411908, 0.5214052586627623, 1
0.15737478648121037, 0.26861426305514885, 0.006291178623718887, 0.5100620729624207, 0.6141524829184968, 1
